Carrera,,Genero
Mecatronica,,Masculino
Mecatronica,,Femenino
Mantenimiento Industrial,,Masculino
Mantenimiento Industrial,,Femenino
Mantenimiento Industrial,,Masculino
Mantenimiento Industrial,,Masculino
Mantenimiento Industrial,,Masculino
Mantenimiento Industrial,,Masculino
Mecatronica,,Masculino
Contaduria,,Masculino
Mantenimiento Industrial,,Masculino
Mecatronica,,Masculino
Mecatronica,,Masculino
Mantenimiento Industrial,,Masculino
Mecatronica,,Masculino
Mecatronica,,Masculino
Contaduria,,Masculino
Mantenimiento Industrial,,Masculino
Contaduria,,Masculino
Mantenimiento Industrial,,Masculino
Contaduria,,Femenino
Contaduria,,Femenino
Contaduria,,Femenino
Mecatronica,,Masculino
Mantenimiento Industrial,,Masculino
Contaduria,,Femenino
Mantenimiento Industrial,,Femenino
Contaduria,,Femenino
Mantenimiento Industrial,,Masculino
Contaduria,,Masculino
Mecatronica,,Femenino
Mecatronica,,Masculino
Mecatronica,,Masculino
Mantenimiento Industrial,,Masculino
Mantenimiento Industrial,,Masculino
Mantenimiento Industrial,,Masculino
Mecatronica,,Masculino
Mecatronica,,Masculino
Mantenimiento Industrial,,Masculino
Mantenimiento Industrial,,Masculino
Mantenimiento Industrial,,Masculino
Mantenimiento Industrial,,Masculino
Contaduria,,Masculino
Mantenimiento Industrial,,Femenino
Contaduria,,Femenino
Mantenimiento Industrial,,Femenino
Contaduria,,Femenino
Contaduria,,Femenino
Contaduria,,Femenino
Mecatronica,,Masculino
Mantenimiento Industrial,,Masculino
Mantenimiento Industrial,,Femenino
Mecatronica,,Masculino
Mantenimiento Industrial,,Femenino
Contaduria,,Femenino
Contaduria,,Femenino
Mantenimiento Industrial,,Femenino
Mantenimiento Industrial,,Femenino
Mantenimiento Industrial,,Femenino
Mantenimiento Industrial,,Femenino
Mantenimiento Industrial,,Femenino
Contaduria,,Masculino
Contaduria,,Masculino
Contaduria,,Femenino
Contaduria,,Femenino
Mecatronica,,Masculino
Contaduria,,Femenino
Contaduria,,Masculino
Mantenimiento Industrial,,Masculino
Contaduria,,Masculino
Contaduria,,Masculino
,,
,Femenino,27
,Masculino,44
